-- MySQL dump 10.13  Distrib 8.0.20, for Win64 (x86_64)
--
-- Host: 127.0.0.1    Database: rolecall
-- ------------------------------------------------------
-- Server version	8.0.20

/*!40101 SET @OLD_CHARACTER_SET_CLIENT=@@CHARACTER_SET_CLIENT */;
/*!40101 SET @OLD_CHARACTER_SET_RESULTS=@@CHARACTER_SET_RESULTS */;
/*!40101 SET @OLD_COLLATION_CONNECTION=@@COLLATION_CONNECTION */;
/*!50503 SET NAMES utf8 */;
/*!40103 SET @OLD_TIME_ZONE=@@TIME_ZONE */;
/*!40103 SET TIME_ZONE='+00:00' */;
/*!40014 SET @OLD_UNIQUE_CHECKS=@@UNIQUE_CHECKS, UNIQUE_CHECKS=0 */;
/*!40014 SET @OLD_FOREIGN_KEY_CHECKS=@@FOREIGN_KEY_CHECKS, FOREIGN_KEY_CHECKS=0 */;
/*!40101 SET @OLD_SQL_MODE=@@SQL_MODE, SQL_MODE='NO_AUTO_VALUE_ON_ZERO' */;
/*!40111 SET @OLD_SQL_NOTES=@@SQL_NOTES, SQL_NOTES=0 */;

--
-- Dumping data for table `account_roles`
--

LOCK TABLES `account_roles` WRITE;
/*!40000 ALTER TABLE `account_roles` DISABLE KEYS */;
INSERT INTO `account_roles` VALUES (1,'Admin'),(2,'Teacher'),(3,'Student');
/*!40000 ALTER TABLE `account_roles` ENABLE KEYS */;
UNLOCK TABLES;

--
-- Dumping data for table `accounts`
--

LOCK TABLES `accounts` WRITE;
/*!40000 ALTER TABLE `accounts` DISABLE KEYS */;
INSERT INTO `accounts` VALUES (0000000001,'admin@kea','Admin','admin',1,'2021-06-01 21:32:36',NULL),(0000000012,'ivan@kea','Ivan 2','asd',3,'2021-05-31 16:46:39',0000000001),(0000000023,'andrea@kea','Andrea','zxc',2,'2021-05-31 15:11:47',NULL),(0000006623,'bomzh@kea','Bomzh','fgh',3,'2021-05-31 16:48:38',0000000002),(0000523122,'pesek@kea','Tomas Pesek','123',2,'2021-08-06 16:20:40',NULL),(0000623412,'valera@kea','Valera','qwe',3,'2021-05-31 15:04:16',0000000001),(0000623413,'kate@kea','Katia','qqq',3,'2021-08-06 19:06:06',0000000002),(0000623414,'asd@kea','Aser','qwe',3,'2021-08-07 13:11:44',0000000001),(0000623415,'sdf@kea','Sedaf','qwe',3,'2021-08-07 13:12:02',0000000001),(0000623416,'dfg@kea','Dufa','qwe',3,'2021-08-07 13:12:15',0000000002),(0000623417,'fgh@kea','Fedia','qwe',3,'2021-08-07 13:12:26',0000000001),(0000623418,'ghj@kea','Grisha','qwe',3,'2021-08-07 13:12:41',0000000001),(0000623419,'hjk@kea','Hiro','qwe',3,'2021-08-07 13:12:50',0000000002),(0000623420,'jkl@kea','Jora','qwe',3,'2021-08-07 13:13:07',0000000002),(0000623421,'klm@kea','Kira','qwe',3,'2021-08-07 13:13:18',0000000002);
/*!40000 ALTER TABLE `accounts` ENABLE KEYS */;
UNLOCK TABLES;

--
-- Dumping data for table `attendance`
--

LOCK TABLES `attendance` WRITE;
/*!40000 ALTER TABLE `attendance` DISABLE KEYS */;
INSERT INTO `attendance` VALUES (0000000001,0000000012),(0000000002,0000000012),(0000000003,0000000012),(0000000006,0000000012),(0000000007,0000000012),(0000000008,0000000012),(0000000001,0000006623),(0000000002,0000006623),(0000000006,0000006623),(0000000007,0000006623),(0000000008,0000006623),(0000000001,0000623412),(0000000002,0000623412),(0000000003,0000623412),(0000000006,0000623412),(0000000007,0000623412),(0000000008,0000623412),(0000000001,0000623413),(0000000003,0000623413),(0000000006,0000623413),(0000000007,0000623413),(0000000008,0000623413),(0000000001,0000623414),(0000000003,0000623414),(0000000006,0000623414),(0000000007,0000623414),(0000000008,0000623414),(0000000001,0000623415),(0000000002,0000623415),(0000000003,0000623415),(0000000004,0000623415),(0000000005,0000623415),(0000000006,0000623415),(0000000007,0000623415),(0000000008,0000623415),(0000000001,0000623416),(0000000002,0000623416),(0000000003,0000623416),(0000000004,0000623416),(0000000005,0000623416),(0000000006,0000623416),(0000000007,0000623416),(0000000008,0000623416),(0000000001,0000623417),(0000000002,0000623417),(0000000003,0000623417),(0000000004,0000623417),(0000000005,0000623417),(0000000006,0000623417),(0000000008,0000623417),(0000000002,0000623418),(0000000003,0000623418),(0000000004,0000623418),(0000000005,0000623418),(0000000006,0000623418),(0000000008,0000623418),(0000000001,0000623419),(0000000002,0000623419),(0000000003,0000623419),(0000000006,0000623419),(0000000007,0000623419),(0000000008,0000623419),(0000000002,0000623420),(0000000003,0000623420),(0000000004,0000623420),(0000000005,0000623420),(0000000008,0000623420),(0000000001,0000623421),(0000000003,0000623421),(0000000004,0000623421),(0000000005,0000623421),(0000000006,0000623421),(0000000007,0000623421);
/*!40000 ALTER TABLE `attendance` ENABLE KEYS */;
UNLOCK TABLES;

--
-- Dumping data for table `course_groups`
--

LOCK TABLES `course_groups` WRITE;
/*!40000 ALTER TABLE `course_groups` DISABLE KEYS */;
INSERT INTO `course_groups` VALUES (0000000001,'SDw1',0000000023),(0000000002,'SDw2',0000000023);
/*!40000 ALTER TABLE `course_groups` ENABLE KEYS */;
UNLOCK TABLES;

--
-- Dumping data for table `course_groups_rel`
--

LOCK TABLES `course_groups_rel` WRITE;
/*!40000 ALTER TABLE `course_groups_rel` DISABLE KEYS */;
INSERT INTO `course_groups_rel` VALUES (0000000001,0000000001),(0000000002,0000000001),(0000000001,0000000002),(0000000002,0000000002),(0000000001,0000000003),(0000000002,0000000003),(0000000001,0000000004),(0000000002,0000000004);
/*!40000 ALTER TABLE `course_groups_rel` ENABLE KEYS */;
UNLOCK TABLES;

--
-- Dumping data for table `courses`
--

LOCK TABLES `courses` WRITE;
/*!40000 ALTER TABLE `courses` DISABLE KEYS */;
INSERT INTO `courses` VALUES (0000000001,'DLS',0000000023),(0000000002,'Testing',0000000023),(0000000003,'Databases',0000523122),(0000000004,'Droid',0000523122);
/*!40000 ALTER TABLE `courses` ENABLE KEYS */;
UNLOCK TABLES;

--
-- Dumping data for table `lecture_states`
--

LOCK TABLES `lecture_states` WRITE;
/*!40000 ALTER TABLE `lecture_states` DISABLE KEYS */;
INSERT INTO `lecture_states` VALUES (1,'In progress'),(2,'Finished');
/*!40000 ALTER TABLE `lecture_states` ENABLE KEYS */;
UNLOCK TABLES;

--
-- Dumping data for table `lectures`
--

LOCK TABLES `lectures` WRITE;
/*!40000 ALTER TABLE `lectures` DISABLE KEYS */;
INSERT INTO `lectures` VALUES (0000000001,'Random stuff part 4',0000000001,'2021-05-31 16:10:17','2021-08-06 17:23:52',55.7042476000,12.5390419000,2,0000000023),(0000000002,'Allah akbar 8',0000000001,'2021-06-01 19:26:20','2021-08-06 17:23:51',55.6574000000,12.3603000000,2,0000000023),(0000000003,'Very nice yes',0000000001,'2021-06-01 19:31:19','2021-08-06 17:23:49',55.6574000000,12.3603000000,2,0000000023),(0000000004,'Allah akbar 9',0000000001,'2021-06-01 21:10:44','2021-08-06 17:23:47',55.6574000000,12.3603000000,2,0000000023),(0000000005,'a',0000000001,'2021-08-06 15:33:28','2021-08-06 17:23:45',55.6574000000,12.3603000000,2,0000000023),(0000000006,'lect 1 2',0000000003,'2021-08-06 17:00:57',NULL,55.6574000000,12.3603000000,1,0000523122),(0000000007,'new lect',0000000001,'2021-08-06 17:24:05',NULL,55.6574000000,12.3603000000,1,0000000023),(0000000008,'DB part 1',0000000003,'2021-08-06 17:24:05','2021-08-06 17:23:45',55.6574000000,12.3603000000,2,0000523122),(0000000012,'generic lecture name',0000000001,'2021-06-09 04:12:18',NULL,55.6574000000,12.3603000000,1,0000000023);
/*!40000 ALTER TABLE `lectures` ENABLE KEYS */;
UNLOCK TABLES;
/*!40103 SET TIME_ZONE=@OLD_TIME_ZONE */;

/*!40101 SET SQL_MODE=@OLD_SQL_MODE */;
/*!40014 SET FOREIGN_KEY_CHECKS=@OLD_FOREIGN_KEY_CHECKS */;
/*!40014 SET UNIQUE_CHECKS=@OLD_UNIQUE_CHECKS */;
/*!40101 SET CHARACTER_SET_CLIENT=@OLD_CHARACTER_SET_CLIENT */;
/*!40101 SET CHARACTER_SET_RESULTS=@OLD_CHARACTER_SET_RESULTS */;
/*!40101 SET COLLATION_CONNECTION=@OLD_COLLATION_CONNECTION */;
/*!40111 SET SQL_NOTES=@OLD_SQL_NOTES */;

-- Dump completed on 2021-08-09  6:54:39
